Account,Coin,Execution Price,Size Tokens,Size USD,Side,Timestamp IST,Start Position,Direction,Closed PnL,Transaction Hash,Order ID,Crossed,Fee,Trade ID,Timestamp,date,normalized_pnl
0xa0feb3725a9335f49874d7cd8eaad6be45b27416,HYPE,24.083,10.16,244.68,BUY,07-02-2025 03:43,279.74,Open Long,0.0,0x198e537dcff1081392cb041d45f68a01dc000d64a79e4eff6a27d4cce3d36bff,70277927473,False,0.024468,968000000000000.0,2025-07-02 03:43:00,2025-07-02,0.0
0xbaaaf6571ab7d571043ff1e313a9609a10637864,HYPE,11.88,28.4,337.39,BUY,03-04-2025 13:18,1011.14,Open Long,0.0,0x8012ab9e8e5b865d369a0420cf94eb02024200a9936027dea8c49465692a95e4,83595261949,True,0.101217,231000000000000.0,2025-03-04 13:18:00,2025-03-04,0.0
0x8477e447846c758f5a675856001ea72298fd9cb5,HYPE,23.359,2.28,53.26,SELL,09-01-2025 01:36,-607.73,Open Short,0.0,0x95b438ba7b7e400f30a6041afc57ac02012200234cffd955281241d2db6c972b,61570457810,True,0.01864,151000000000000.0,2025-09-01 01:36:00,2025-09-01,0.0
0xbee1707d6b44d4d52bfe19e41f8a828645437aab,@107,17.29,0.89,15.39,SELL,12-12-2024 11:54,27257.03011,Sell,2.285741,0x0000000000000000000000000000000000000000000000000000000000000000,54846168789,False,0.0,385000000000000.0,2024-12-12 11:54:00,2024-12-12,0.14852118258609484
0xbaaaf6571ab7d571043ff1e313a9609a10637864,HYPE,11.28,50.0,564.0,BUY,03-04-2025 19:22,70209.52,Open Long,0.0,0xb0cf0d286e6a454ae6d00420d3d1a902032f00062ad1219a5e30c8cbe2029847,83668871170,True,0.169199,701000000000000.0,2025-03-04 19:22:00,2025-03-04,0.0
0x7f4f299f74eec87806a830e3caa9afa5f2b9db8f,SOL,120.33,248.25,29871.92,BUY,12-04-2025 00:20,-248.25,Close Short,49.625175,0x6d5b1ddc3154f4025d2704215aca5902060500ef46079b5f8bcf708b4a93fac8,85886852446,False,2.987192,169000000000000.0,2025-12-04 00:20:00,2025-12-04,0.0016612649940144458
0x47add9a56df66b524d5e2c1993a43cde53b6ed85,TRX,0.395,601.0,237.4,SELL,04-12-2024 12:32,-5744.0,Open Short,0.0,0x7395d7d67c4b33523412041861d41001cb00bcea8a554b73fa9d40970ba1aa2b,52489007104,False,0.022789,413000000000000.0,2024-04-12 12:32:00,2024-04-12,0.0
0xb1231a4a2dd02f2276fa3c5e2a2f3436e6bfed23,@107,17.94,3.85,69.07,SELL,12-12-2024 15:58,72853.49,Sell,69.068962,0x0000000000000000000000000000000000000000000000000000000000000000,54883346705,False,0.006906,743000000000000.0,2024-12-12 15:58:00,2024-12-12,0.9999849717677719
0xbee1707d6b44d4d52bfe19e41f8a828645437aab,@107,24.1,116.6,2810.06,SELL,11-02-2025 07:05,2664.143562,Sell,89.910678,0x87a17f9247b31a16674e041d88c95301a90064414f2573d55bf8d9c54a208cc6,71342864466,False,0.281006,962000000000000.0,2025-11-02 07:05:00,2025-11-02,0.031995999373678856
0x8477e447846c758f5a675856001ea72298fd9cb5,NEAR,5.6407,47.4,267.37,BUY,07-01-2025 20:47,-47.4,Close Short,9.045342,0x5f07b9f6210ee439e6e2041ae3629c02024e00302bcd32ca8d5271710363c1b0,61184694470,True,0.093579,1020000000000000.0,2025-07-01 20:47:00,2025-07-01,0.03383080375509593
0x4f93fead39b70a1824f981a54d4e55b278e9f760,BTC,86740.0,0.02,1734.8,BUY,12-11-2024 03:48,0.0,Open Long,0.0,0x28f1609eac71b83522bf04169135530201b600ab2ea5fa68040048ab4cbc145d,46249556283,True,0.60718,186000000000000.0,2024-12-11 03:48:00,2024-12-11,0.0
0xb1231a4a2dd02f2276fa3c5e2a2f3436e6bfed23,HYPE,16.413,487.36,7999.04,BUY,06-03-2025 19:01,92.86,Open Long,0.0,0x18722aa335a3201c9f48041f05797f02026700d59734be7b14291b80b9213105,77653488479,True,2.799663,35700000000000.0,2025-06-03 19:01:00,2025-06-03,0.0
0xbaaaf6571ab7d571043ff1e313a9609a10637864,HYPE,14.479,1417.15,20518.91,SELL,12-03-2025 01:12,146763.2,Close Long,1694.769685,0xb3a9e6e4f5293d501bb3041f5c49ec02018b00ecdfb8798414bcd103222f2c30,79154664708,True,5.129728,900000000000000.0,2025-12-03 01:12:00,2025-12-03,0.08259550263634861
0x72743ae2822edd658c0c50608fd7c5c501b2afbd,ETH,1425.7,5.5,7841.35,BUY,09-04-2025 09:36,766.852,Open Long,0.0,0xf93f88456bec7c200d8604212fc74e02016200d67eb3f7a41bab8fe504dc92e0,85180180674,True,2.744472,703000000000000.0,2025-09-04 09:36:00,2025-09-04,0.0
0x6d6a4b953f202f8df5bed40692e7fd865318264a,ETH,1920.2,1.0415,1999.89,SELL,01-04-2025 20:48,-2.6749,Open Short,0.0,0x38e98b28dda259e0f3640420b3a19d0204220002060eba47bddc7642afbaf01a,83174405016,False,0.191988,263000000000000.0,2025-01-04 20:48:00,2025-01-04,0.0
0x47add9a56df66b524d5e2c1993a43cde53b6ed85,BTC,95035.0,0.01576,1497.75,BUY,10-12-2024 02:34,0.02637,Open Long,0.0,0x853ae689a21879ceb94f0418d5d2ac0201f200cf56414b835127321049abdd48,54020245218,True,0.503244,303000000000000.0,2024-10-12 02:34:00,2024-10-12,0.0
0x4f93fead39b70a1824f981a54d4e55b278e9f760,BTC,83442.0,0.45927,38322.41,SELL,10-03-2025 14:53,8.26542,Close Long,450.865359,0xfdda8baac61047c75d8c041f4485500203bd00c94a044e55c5e88ddf9325beab,78627582506,True,11.496722,887000000000000.0,2025-10-03 14:53:00,2025-10-03,0.011765057547268034
0x083384f897ee0f19899168e3b1bec365f52a9012,SOL,211.0,33.67,7104.37,SELL,04-02-2025 18:02,-7243.58,Open Short,0.0,0x9c9f5b8b9d1c7ebf09db041d1f159302033300328d4c2fa00cbbaad65e71b68f,69323800644,False,0.355218,62100000000000.0,2025-04-02 18:02:00,2025-04-02,0.0
0x083384f897ee0f19899168e3b1bec365f52a9012,ETH,3203.0,1.0252,3283.72,SELL,11-11-2024 08:41,-201.5659,Open Short,0.0,0x773f7c140e17f7a84ca3041680abaa01e100372b6e2fb382a7f0698142b3017b,45993118565,False,0.328371,310000000000000.0,2024-11-11 08:41:00,2024-11-11,0.0
0xbaaaf6571ab7d571043ff1e313a9609a10637864,HYPE,11.73,15.0,175.95,BUY,03-04-2025 15:24,34148.81,Open Long,0.0,0x5a526229f5d9f30da6280420d10b4e0202f000af82b67a4ac6fb6d4bf1a516bd,83555405454,False,0.008797,119000000000000.0,2025-03-04 15:24:00,2025-03-04,0.0
0xbaaaf6571ab7d571043ff1e313a9609a10637864,HYPE,13.217,2.0,26.43,BUY,11-03-2025 06:04,148540.82,Open Long,0.0,0x8467fc42d7a38f28e676041f4f12070204ca00df06a528fc6633786369aaf8ce,78808032399,False,0.0,684000000000000.0,2025-11-03 06:04:00,2025-11-03,0.0
0x47add9a56df66b524d5e2c1993a43cde53b6ed85,BLAST,0.015429,8973.0,138.44,SELL,07-12-2024 05:31,-440015.0,Open Short,0.0,0xc009edec3d266a4b0a36041899f67c02011700439106167b94495dadf45747d4,53345008913,True,0.046516,55200000000000.0,2024-07-12 05:31:00,2024-07-12,0.0
0x8477e447846c758f5a675856001ea72298fd9cb5,WLD,2.5637,194.9,499.67,SELL,06-01-2025 20:31,-1970.3,Open Short,0.0,0x15bcecae2cf70c2b9f86041ace633c020215009e23dfc7cabd298ff06ae18eb4,60991644008,True,0.174882,1100000000000000.0,2025-06-01 20:31:00,2025-06-01,0.0
0x47add9a56df66b524d5e2c1993a43cde53b6ed85,ETH,1548.6,0.02,30.97,BUY,07-04-2025 09:32,3.8388,Open Long,0.0,0x0f10a2ffc2618264503104210ebbe902037700704ddfea7f1c3bcb418eb7113b,84462903016,True,0.010406,908000000000000.0,2025-07-04 09:32:00,2025-07-04,0.0
0xb899e522b5715391ae1d4f137653e7906c5e2115,SOL,127.49,188.24,23998.72,SELL,09-03-2025 22:38,6375.83,Close Long,26.692432,0xc89ce8d0c276c4717761041f3944000201fb00fe87514a19e2b04ec5d02ee195,78428682687,True,5.999679,843000000000000.0,2025-09-03 22:38:00,2025-09-03,0.0011122439863459385
0xa0feb3725a9335f49874d7cd8eaad6be45b27416,BTC,98448.0,0.01477,1454.08,BUY,04-02-2025 20:47,2.19685,Open Long,0.0,0x4f67375882bc6cd0c229041d20f1890000550999d29d39ab22548ec2358fd1b1,69432611781,False,0.145407,212000000000000.0,2025-04-02 20:47:00,2025-04-02,0.0
0x8477e447846c758f5a675856001ea72298fd9cb5,APE,1.4691,1397.1,2052.48,BUY,01-12-2024 06:14,-1642.3,Close Short,69.170421,0x11e012534c9a16da6aa204181e07f902017d00cda8f72b5afd6fa877ba743396,51575112860,True,0.718367,35700000000000.0,2024-01-12 06:14:00,2024-01-12,0.03370089891253508
0xa0feb3725a9335f49874d7cd8eaad6be45b27416,BTC,98132.0,0.0089,873.37,BUY,03-02-2025 23:06,0.1887,Open Long,0.0,0xb4f2606a30c12f7d6cc0041d123e010201480008d8e44ebaca05b8e4fbd9a796,69101532857,False,0.087337,341000000000000.0,2025-03-02 23:06:00,2025-03-02,0.0
0x513b8629fe877bb581bf244e326a047b249c4ff1,BTC,80392.0,0.0249,2001.76,BUY,10-04-2025 20:53,-5.45911,Close Short,19.25268,0x11fc9e084110f40e527c0421480bfe01b3002e8aedf2e1e0d82c64d5b5e2d27c,85610828347,False,0.192168,347000000000000.0,2025-10-04 20:53:00,2025-10-04,0.009617876268883383
0x083384f897ee0f19899168e3b1bec365f52a9012,ETH,2725.0,0.22,599.5,SELL,03-02-2025 22:21,-612.427,Open Short,0.0,0xb900d4271e874c796f21041d11ba980203ad00d69eb32624d8b6cb800ec400e7,69075802717,False,0.029975,930000000000000.0,2025-03-02 22:21:00,2025-03-02,0.0
0x47add9a56df66b524d5e2c1993a43cde53b6ed85,SUI,4.8499,309.2,1499.59,SELL,04-01-2025 03:03,-1335.4,Open Short,0.0,0x2c896ea20e404dccba1e041a9599f4018900888f575e09f1f456aeee81fceffe,60510168031,True,0.503861,799000000000000.0,2025-04-01 03:03:00,2025-04-01,0.0
0x420ab45e0bd8863569a5efbb9c05d91f40624641,SOL,236.62,2.0,473.24,SELL,06-12-2024 20:35,-333.58,Open Short,0.0,0x3e24adf09218ee67dae404189235790202400064b081fa41624d34ffc4fd0bf7,53262049239,False,0.045431,411000000000000.0,2024-06-12 20:35:00,2024-06-12,0.0
0xbee1707d6b44d4d52bfe19e41f8a828645437aab,HYPE,24.449,20.45,499.98,SELL,03-02-2025 20:34,-729.41,Open Short,0.0,0xda3501deb2e2dc13f680041d1095ab0203e700989451f74c077effe28b3c3429,69052370563,True,0.174993,803000000000000.0,2025-03-02 20:34:00,2025-03-02,0.0
0x8477e447846c758f5a675856001ea72298fd9cb5,FARTCOIN,0.765,653.5,499.93,BUY,10-04-2025 04:42,-61390.7,Close Short,-20.93814,0x4817deadadffab6f9b4504213cf4d3017500e8813613801b2b503793a32d3a77,85447255304,False,0.049992,690000000000000.0,2025-10-04 04:42:00,2025-10-04,-0.041882143500090015
0xbaaaf6571ab7d571043ff1e313a9609a10637864,HYPE,11.344,17.63,199.99,SELL,06-04-2025 20:45,19396.3,Close Long,0.754564,0x97eb95853f710cad337b042105f1b50201e70047dfb20914d495ad85cd92d0d8,84263349515,True,0.059998,137000000000000.0,2025-06-04 20:45:00,2025-06-04,0.0037730086504325216
0xbee1707d6b44d4d52bfe19e41f8a828645437aab,HYPE,25.622,19.51,499.89,BUY,05-02-2025 01:22,-1073.18,Close Short,13.276555,0x28a202e63c4141250b54041d240dd50202b800d3d6ae6738d7c5b92f3e561a27,69564399440,True,0.174959,760000000000000.0,2025-05-02 01:22:00,2025-05-02,0.026558952969653323
0xbaaaf6571ab7d571043ff1e313a9609a10637864,HYPE,17.574,115.36,2027.34,SELL,05-03-2025 15:04,21868.26,Close Long,110.641776,0xb7b9fec29cc8015328f2041ef237a90203e600eec31114001b86bef5b11c7780,77328393768,True,0.506834,842000000000000.0,2025-05-03 15:04:00,2025-05-03,0.054574849803190384
0xbaaaf6571ab7d571043ff1e313a9609a10637864,HYPE,10.024,50.44,505.61,BUY,07-04-2025 04:51,55566.15,Open Long,0.0,0x44459050658d9f023f3b04210b81970000db39f7ce7e6345101d568a5bf0995b,84264598507,False,0.02528,794000000000000.0,2025-07-04 04:51:00,2025-07-04,0.0
0xb1231a4a2dd02f2276fa3c5e2a2f3436e6bfed23,HYPE,24.827,27.73,688.45,SELL,04-02-2025 02:29,-1277.58,Open Short,0.0,0xe80c966e237feb04acd1041d148d2701e20000572326d4de629a6cbe26fd6d09,69175425695,True,0.240958,490000000000000.0,2025-04-02 02:29:00,2025-04-02,0.0
0xbaaaf6571ab7d571043ff1e313a9609a10637864,HYPE,13.482,50.0,674.1,SELL,02-04-2025 18:30,22519.07,Close Long,39.185,0x836298a0842543021cac0420c28b240202a000489fb43391b9bf305bfd60964e,83365835018,True,0.235935,561000000000000.0,2025-02-04 18:30:00,2025-02-04,0.05812935766206794
0xbee1707d6b44d4d52bfe19e41f8a828645437aab,HYPE,14.376,30.01,431.42,BUY,10-03-2025 05:18,13804.45,Open Long,0.0,0x059f309198af2438f6d4041f3de7d0016400734299d4fe5e17bfc246e7c20c42,78521725174,True,0.129427,929000000000000.0,2025-10-03 05:18:00,2025-10-03,0.0
0x75f7eeb85dc639d5e99c78f95393aa9a5f1170d4,PURR,0.2291,178.0,40.78,SELL,10-12-2024 05:31,6255.0,Close Long,1.612858,0x0000000000000000000000000000000000000000000000000000000000000000,54083748103,False,0.003913,479000000000000.0,2024-10-12 05:31:00,2024-10-12,0.03955022069641981
0x8477e447846c758f5a675856001ea72298fd9cb5,FARTCOIN,0.75,666.6,499.95,BUY,10-04-2025 05:05,-56770.5,Close Short,-11.358864,0x977739d9921a560c92bd04213d387901eb0076a64b02b767f7c062486f821069,85450113415,False,0.049995,944000000000000.0,2025-10-04 05:05:00,2025-10-04,-0.02272
0xa0feb3725a9335f49874d7cd8eaad6be45b27416,VINE,0.14294,18343.0,2621.95,SELL,06-02-2025 18:15,32691.0,Close Long,15.261376,0x91c62e4d126387ed8f07041d3f845a00004871dcf4b714ea4000622cb1de9edf,70121794766,True,0.917681,329000000000000.0,2025-06-02 18:15:00,2025-06-02,0.005820620530521178
0x513b8629fe877bb581bf244e326a047b249c4ff1,BTC,83072.0,0.24075,19999.58,SELL,12-04-2025 09:15,3.98768,Close Long,46.585125,0x04142cf779dc722c14a2042160c2e70201900060892c1a0b1448bda3a619e60b,85949279872,True,4.999896,414000000000000.0,2025-12-04 09:15:00,2025-12-04,0.002329305165408473
0x23e7a7f8d14b550961925fbfdaa92f5d195ba5bd,PURR/USDC,0.16,200.0,32.0,BUY,02-02-2025 16:04,197133.2847,Buy,0.0,0xd6d64949c023d72b6ba8041cfd857f02013400a7120df308ad2ec75ee70c02be,68451930417,False,0.02,964000000000000.0,2025-02-02 16:04:00,2025-02-02,0.0
0x4acb90e786d897ecffb614dc822eb231b4ffb9f4,SUI,4.5174,986.1,4454.61,BUY,08-01-2025 17:09,25328.9,Open Long,0.0,0x868122098516292eed96041af508cb02029f008b9be8817f18c1deb9f10d88db,61425633885,True,1.559112,499000000000000.0,2025-08-01 17:09:00,2025-08-01,0.0
0xb1231a4a2dd02f2276fa3c5e2a2f3436e6bfed23,ETH,2278.0,9.9701,22711.89,BUY,05-02-2024 06:51,0.1331,Open Long,0.0,0x9032435d5664444745ba0407796d700201a2001c9dd355cd5bc1ef4ee3bca8fe,8842327069,True,5.677971,539000000000000.0,2024-05-02 06:51:00,2024-05-02,0.0
0xb899e522b5715391ae1d4f137653e7906c5e2115,SOL,120.08,60.0,7204.8,SELL,11-03-2025 07:38,-370.71,Open Short,0.0,0x3d7a25e0e67d1b717017041f501b350201b200fb6c10139c341d1558202a1f4c,78915683799,True,1.8012,478000000000000.0,2025-11-03 07:38:00,2025-11-03,0.0
0xbd5fead7180a9c139fa51a103cb6a2ce86ddb5c3,ENA,0.5634,5322.0,2998.41,BUY,03-02-2025 08:49,-89324.0,Close Short,2108.810568,0x4c59d8579d540599c656041d089ea602039e001ddbd4da883970e793651d9995,68816050046,False,0.299841,730000000000000.0,2025-03-02 08:49:00,2025-03-02,0.7033096100933495
0x271b280974205ca63b716753467d5a371de622ab,SOL,103.77,1.82,188.86,BUY,09-04-2025 17:40,1895.87,Open Long,0.0,0x69e4ada384cd22b71aa40421355b510201cb0021780e39492123e9ceba6793c9,85281461402,False,0.01813,561000000000000.0,2025-09-04 17:40:00,2025-09-04,0.0
0x28736f43f1e871e6aa8b1148d38d4994275d72c4,BTC,94993.0,0.05732,5445.0,SELL,02-03-2025 23:17,0.05732,Close Long,171.650472,0xc88e72c3bfc5f18560a1041ec6d72002014f002030adcbf812680aedb5486d26,74901848177,False,0.544499,285000000000000.0,2025-02-03 23:17:00,2025-02-03,0.03152442093663912
0xbaaaf6571ab7d571043ff1e313a9609a10637864,HYPE,13.706,127.35,1745.46,SELL,02-04-2025 17:28,152571.28,Close Long,128.330595,0x9b86ba4a42aeab15bb5b0420c1d2fa014800cc8d542acc0d45889e8ec56f9398,83355169639,True,0.61091,1100000000000000.0,2025-02-04 17:28:00,2025-02-04,0.07352250696091574
0x083384f897ee0f19899168e3b1bec365f52a9012,ETH,2947.2,17.2691,50895.49,BUY,03-02-2025 02:18,-93.1769,Close Short,2712.97561,0x39b2f56966746802d611041d046ad401fa0052cf64a94f115c059550384c7ab4,68655473514,False,2.544774,742000000000000.0,2025-03-02 02:18:00,2025-03-02,0.053304833296624124
0xbaaaf6571ab7d571043ff1e313a9609a10637864,HYPE,12.994,299.27,3888.71,BUY,12-03-2025 15:17,113864.13,Open Long,0.0,0x55bd7874f62b8ebe9f30041f6612ed01e500e897bb856407a5237554a45e0735,79306752398,False,0.194435,914000000000000.0,2025-12-03 15:17:00,2025-12-03,0.0
0xb1231a4a2dd02f2276fa3c5e2a2f3436e6bfed23,HYPE,23.81,21.0,500.01,BUY,06-02-2025 21:19,-4900.24,Close Short,52.9515,0x277ebc75f3588e5c775f041d419ac9020202006c524bdfa6cfc1f04ee484543f,70177940119,True,0.175003,126000000000000.0,2025-06-02 21:19:00,2025-06-02,0.10590088198236036
0x8477e447846c758f5a675856001ea72298fd9cb5,kBONK,0.024817,2856.0,70.88,BUY,11-11-2024 03:30,-311886.0,Close Short,4.024104,0x69dbfd7b458799828d1404167c349d01d400650a6fe1aaf1330c207a4b53ad09,45931423977,True,0.024807,345000000000000.0,2024-11-11 03:30:00,2024-11-11,0.0567734762979684
0xbaaaf6571ab7d571043ff1e313a9609a10637864,HYPE,14.4,165.07,2377.01,SELL,12-03-2025 01:20,59426.35,Close Long,184.366683,0xfaa826e2559b97a8776a041f5c622a02027c007b72b12afe7121e35cd6d3b100,79156331579,False,0.0,394000000000000.0,2025-12-03 01:20:00,2025-12-03,0.07756243473944156
0x4f93fead39b70a1824f981a54d4e55b278e9f760,ETH,3423.8,0.4382,1500.31,BUY,10-04-2024 18:39,-91.0199,Close Short,23.693474,0xadbf493f77ba6edfe14104086b45170202f7000940cdb0d42d86bd0e17911193,17385078118,True,0.525108,641000000000000.0,2024-10-04 18:39:00,2024-10-04,0.01579238557364811
0x8170715b3b381dffb7062c0298972d4727a0a63b,TRUMP,7.96,238.2,1896.07,SELL,11-04-2025 06:49,-24138.2,Open Short,0.0,0x7e52bba703fc2ed4291304214ed2df01e000cb642e94b654df43ef87c49bc52c,85662193135,False,0.182022,230000000000000.0,2025-11-04 06:49:00,2025-11-04,0.0
0x8477e447846c758f5a675856001ea72298fd9cb5,kBONK,0.024848,100611.0,2499.98,SELL,10-11-2024 16:16,-100599.0,Open Short,0.0,0x3aa25051a351d02e30c80416727b0c02011b00518986b7ed5cd051e27c957915,45776046718,True,0.874993,780000000000000.0,2024-10-11 16:16:00,2024-10-11,0.0
0x8477e447846c758f5a675856001ea72298fd9cb5,W,0.73652,280.8,206.81,SELL,07-06-2024 19:49,-6439.0,Open Short,0.0,0xd5774663fab04ac8eb65040ae7254d0129005137e9d4b53aec95ec099647f7f0,25251621759,True,0.072385,643000000000000.0,2024-07-06 19:49:00,2024-07-06,0.0
0x8477e447846c758f5a675856001ea72298fd9cb5,W,0.72875,343.9,250.62,SELL,07-06-2024 19:31,-1028.1,Open Short,0.0,0xbb89d63f249c45471c99040ae6e2ed014200cb36f93f649507e2dcca91cf7008,25249891843,True,0.087715,992000000000000.0,2024-07-06 19:31:00,2024-07-06,0.0
0xbaaaf6571ab7d571043ff1e313a9609a10637864,HYPE,17.502,571.36,9999.94,SELL,05-03-2025 04:20,189844.94,Close Long,506.853456,0x2736d438dca701290379041eeaf04f01f700e371e5bb7303b8396823c2d71a67,77211119412,True,2.999982,355000000000000.0,2025-05-03 04:20:00,2025-05-03,0.05068564971389828
0x28736f43f1e871e6aa8b1148d38d4994275d72c4,PENDLE,3.1732,31.0,98.37,BUY,10-02-2025 00:54,1723.0,Open Long,0.0,0xe943517a0add94cb9a22041d74658f0201090062c62625b870b054315acabf7d,71009878647,True,0.034429,135000000000000.0,2025-10-02 00:54:00,2025-10-02,0.0
0xbaaaf6571ab7d571043ff1e313a9609a10637864,HYPE,16.122,37.05,597.32,SELL,07-03-2025 20:39,129272.21,Close Long,25.57932,0xa67acabfc24d0cb5d05b041f1704590204f000525423d8cded7ec70825f7b658,77962266892,True,0.14933,94600000000000.0,2025-07-03 20:39:00,2025-07-03,0.042823478202638446
0x4acb90e786d897ecffb614dc822eb231b4ffb9f4,PNUT,0.5325,3499.4,1863.43,BUY,08-01-2025 22:59,501387.8,Open Long,0.0,0xfee144f7e63f33fe79b3041afa16370201740076eb8071f65c05677f4b826313,61521915725,True,0.6522,317000000000000.0,2025-08-01 22:59:00,2025-08-01,0.0
0x7f4f299f74eec87806a830e3caa9afa5f2b9db8f,ETH,1478.2,0.36,532.15,BUY,09-04-2025 19:14,-16.4697,Close Short,0.9,0x18f9e05ee7d59dd7e0c30421366c3f0204500065c698df8614590fa4af7c8e8d,85305663820,False,0.053215,1020000000000000.0,2025-09-04 19:14:00,2025-09-04,0.001691252466409847
0x75f7eeb85dc639d5e99c78f95393aa9a5f1170d4,kBONK,0.046394,1500.0,69.59,BUY,04-03-2024 22:34,-198108.0,Close Short,3.891,0xfcfe08a24ecebcba0c7f0407e4975801cc00a8cb6c424e3496aa412e2f6402d4,11991103142,True,0.016701,284000000000000.0,2024-04-03 22:34:00,2024-04-03,0.05591320592039086
0xbaaaf6571ab7d571043ff1e313a9609a10637864,HYPE,15.144,0.81,12.27,BUY,07-03-2025 00:37,86240.16,Open Long,0.0,0x0000000000000000000000000000000000000000000000000000000000000000,77670309702,False,0.0,991000000000000.0,2025-07-03 00:37:00,2025-07-03,0.0
0xa0feb3725a9335f49874d7cd8eaad6be45b27416,VINE,0.14053,1765.0,248.04,BUY,06-02-2025 16:55,84656.0,Open Long,0.0,0x210e2a7520befb6db7ac041d3e9cff020265001a25d01fba764e2d297b5ec954,70011492531,False,0.024803,734000000000000.0,2025-06-02 16:55:00,2025-06-02,0.0
0x083384f897ee0f19899168e3b1bec365f52a9012,ETH,2755.1,13.6111,37499.94,BUY,03-02-2025 07:14,184.233,Open Long,0.0,0x2cb1e64b4afeed3fb553041d07a0700203770032d5ec3076e5a6401ef33f9d3e,68774367826,True,11.249982,898000000000000.0,2025-03-02 07:14:00,2025-03-02,0.0
0x513b8629fe877bb581bf244e326a047b249c4ff1,BTC,83180.0,0.013,1081.34,SELL,12-04-2025 04:58,-2.08079,Open Short,0.0,0x6b313e029807198fba0f04215de94801ac001092edd85e7c214059795735b0c6,85920946401,True,0.324402,19900000000000.0,2025-12-04 04:58:00,2025-12-04,0.0
0xbee1707d6b44d4d52bfe19e41f8a828645437aab,@107,22.986,20.21,464.55,BUY,09-02-2025 19:59,2071.309165,Buy,0.0,0xeec651017ea921ad9f5b041d711869015a00b90e97fa5a90eee5598d060d3798,70964658961,True,0.00707347,165000000000000.0,2025-09-02 19:59:00,2025-09-02,0.0
0xbee1707d6b44d4d52bfe19e41f8a828645437aab,HYPE,17.841,31.27,557.89,SELL,05-03-2025 06:57,-3184.55,Open Short,0.0,0x1f8f27aea49383f6911a041eecb45b0163004170377d2415789553c1eac6b6e2,77238974642,True,0.167366,211000000000000.0,2025-05-03 06:57:00,2025-05-03,0.0
0xa0feb3725a9335f49874d7cd8eaad6be45b27416,ONDO,1.3504,185.0,249.82,SELL,07-02-2025 01:54,1001.0,Close Long,4.36119,0x44c8c3496736c6a1a661041d44bc710201d200f5f9ad36d9ec1f03e52c59274c,70254835350,False,0.024982,189000000000000.0,2025-07-02 01:54:00,2025-07-02,0.017457329277079495
0x75f7eeb85dc639d5e99c78f95393aa9a5f1170d4,GRASS,1.782,9.0,16.04,SELL,08-04-2025 00:43,10844.6,Close Long,0.621,0xb2d50df802582830518a0421191e5102011b0042148b39e0edba9444df4d73a4,84779771024,False,0.001538,26400000000000.0,2025-08-04 00:43:00,2025-08-04,0.03871571072319202
0x28736f43f1e871e6aa8b1148d38d4994275d72c4,SOL,238.97,1.74,415.81,SELL,01-12-2024 21:22,14.03,Close Long,0.492246,0x247c1d280ae8e03ce9c504182b233502010f006cee41df92dd777a5d392fda06,51707596091,True,0.145532,872000000000000.0,2024-01-12 21:22:00,2024-01-12,0.0011838243428488973
0x39cef799f8b69da1995852eea189df24eb5cae3c,XRP,1.8636,268.0,499.44,SELL,07-04-2025 20:05,184560.0,Close Long,-8.2276,0x97ed634d0b8541c7fb84042115eeb102067a0025c201b5eb31a43f9b8cb3c94a,84685119949,False,0.049944,23300000000000.0,2025-07-04 20:05:00,2025-07-04,-0.016473650488547174
0x4f93fead39b70a1824f981a54d4e55b278e9f760,BTC,60911.0,0.64896,39528.8,BUY,02-10-2024 01:53,3.19288,Open Long,0.0,0xd2a48dfbe4f5f223211a041337564101dc00e4f354dd838fd717ab0bd9c500ea,40001668197,True,13.83508,64600000000000.0,2024-02-10 01:53:00,2024-02-10,0.0
0x8477e447846c758f5a675856001ea72298fd9cb5,AI16Z,0.387,620.1,239.98,BUY,03-02-2025 00:26,5427.8,Open Long,0.0,0x02793a6d8875fc57474a041d0329650203a600e1381bb5f91e5b9e2600f62deb,68614544390,True,0.083992,1040000000000000.0,2025-03-02 00:26:00,2025-03-02,0.0
0xbaaaf6571ab7d571043ff1e313a9609a10637864,HYPE,15.479,125.55,1943.39,BUY,07-03-2025 00:06,46955.38,Open Long,0.0,0x0000000000000000000000000000000000000000000000000000000000000000,77670296639,False,0.0,1090000000000000.0,2025-07-03 00:06:00,2025-07-03,0.0
0x75f7eeb85dc639d5e99c78f95393aa9a5f1170d4,CRV,1.0207,1279.3,1305.78,BUY,11-12-2024 06:53,37911.7,Open Long,0.0,0x28fb5311ad099da7909a0418ee51e600003c4c3349c03abb68746ae3da1d2c22,54499902645,False,0.125354,746000000000000.0,2024-11-12 06:53:00,2024-11-12,0.0
0xbee1707d6b44d4d52bfe19e41f8a828645437aab,HYPE,15.693,50.6,794.07,BUY,12-04-2025 15:54,-3578.25,Close Short,10.22626,0xa9d713f09a3e9304696f0421653b3101890015717960e76b43f970f1e81f098f,85999362391,True,0.277923,514000000000000.0,2025-12-04 15:54:00,2025-12-04,0.012878285289709974
0xbee1707d6b44d4d52bfe19e41f8a828645437aab,HYPE,11.192,57.24,640.63,SELL,04-04-2025 17:13,13964.96,Close Long,-30.354372,0xc8f690abd7d7c1d457730420e2f0e201fd00888365642310845ea2ce0749f9e4,83885748627,True,0.192189,1000000000000000.0,2025-04-04 17:13:00,2025-04-04,-0.04738206453022806
0xbee1707d6b44d4d52bfe19e41f8a828645437aab,@107,13.97,1.0,13.97,SELL,10-12-2024 15:37,33577.48367,Sell,0.532291,0x7ab1c574731a7fbcfd8e0418e11b33019100440bf8e3233eaccb55f85cb8d7c4,54250745408,False,0.0,878000000000000.0,2024-10-12 15:37:00,2024-10-12,0.03810243378668575
0x75f7eeb85dc639d5e99c78f95393aa9a5f1170d4,PURR,0.08548,200.0,17.1,SELL,03-03-2025 07:25,12274.0,Close Long,0.114,0x86dd634025b6b1ffb824041ecc7f4002010e00dd3d50f49cec460a16e04c335f,76503254537,False,0.00164,327000000000000.0,2025-03-03 07:25:00,2025-03-03,0.006666666666666666
0xbaaaf6571ab7d571043ff1e313a9609a10637864,HYPE,13.177,2.0,26.35,BUY,11-03-2025 06:05,153847.61,Open Long,0.0,0x0937c5bc08b616aa4fd0041f4f158c0206370096348ed41e048fd66221e12ce9,78808032407,False,0.0,775000000000000.0,2025-11-03 06:05:00,2025-11-03,0.0
0x23e7a7f8d14b550961925fbfdaa92f5d195ba5bd,@107,12.658,36.02,455.94,BUY,09-12-2024 12:47,2499.125001,Buy,0.0,0xe1f91096bed42943c9e00418c9e8ea02016000b4945aa582661f50a2dea7cbc2,53811194299,True,0.01260696,117000000000000.0,2024-09-12 12:47:00,2024-09-12,0.0
0x28736f43f1e871e6aa8b1148d38d4994275d72c4,AIXBT,0.53534,252.0,134.91,SELL,03-01-2025 21:24,-228.0,Open Short,0.0,0x91a1a18bd7b74ee4797b041a90b75102011800c2cb058a44c215798e7a11956c,60455242587,True,0.047216,1010000000000000.0,2025-03-01 21:24:00,2025-03-01,0.0
0xbee1707d6b44d4d52bfe19e41f8a828645437aab,@107,13.84,5.02,69.48,SELL,11-12-2024 10:05,55125.88423,Sell,1.558208,0x0000000000000000000000000000000000000000000000000000000000000000,54568538876,False,0.0,688000000000000.0,2024-11-12 10:05:00,2024-11-12,0.02242671272308578
0xa0feb3725a9335f49874d7cd8eaad6be45b27416,HYPE,24.116,16.52,398.4,BUY,06-02-2025 23:29,41.63,Open Long,0.0,0x0d75f30391906f03577e041d4315f001cf0020af5bf27b5e7210114ec9b7131f,70216931581,False,0.039839,64000000000000.0,2025-06-02 23:29:00,2025-06-02,0.0
0xbee1707d6b44d4d52bfe19e41f8a828645437aab,HYPE,14.863,133.67,1986.74,BUY,09-03-2025 17:05,1911.65,Open Long,0.0,0x9e0b19f80557f051b151041f35653002014900005d0b323a4c0104f6a0779d85,78362653354,True,0.596021,499000000000000.0,2025-09-03 17:05:00,2025-09-03,0.0
0xbaaaf6571ab7d571043ff1e313a9609a10637864,HYPE,16.686,80.41,1341.72,BUY,05-03-2025 21:57,2624.62,Open Long,0.0,0x86dc9a376d6959295306041ef6fe7a0203b1004432df83cde9c71a27e06e3cf0,77425337802,True,0.33543,1040000000000000.0,2025-05-03 21:57:00,2025-05-03,0.0
0x8381e6d82f1affd39a336e143e081ef7620a3b7f,@107,12.357,16.66,205.87,BUY,04-12-2024 15:14,708.3141333,Buy,0.0,0xf9ee713e74f9e27184ae0418642a8101d000d5ac2a946700f0d47894a3650cc9,52517852438,True,0.00583094,984000000000000.0,2024-04-12 15:14:00,2024-04-12,0.0
0x28736f43f1e871e6aa8b1148d38d4994275d72c4,HBAR,0.26948,2224.0,599.32,BUY,10-12-2024 02:42,-6009.0,Close Short,26.81032,0x0cb0278c5c4a4e84952a0418d5f26902030300c95e3b3fe7b99ed7e27a054fd5,54024414762,True,0.209763,258000000000000.0,2024-10-12 02:42:00,2024-10-12,0.04473456584128679
0xb1231a4a2dd02f2276fa3c5e2a2f3436e6bfed23,ETH,2323.3,0.01,23.23,BUY,06-02-2024 08:23,12.2482,Open Long,0.0,0xa897eae98f0376dfdbdd04077d8dbb014f00e4f5cce8283f37a23c8b32274e1a,8915045569,False,-0.000464,1090000000000000.0,2024-06-02 08:23:00,2024-06-02,0.0
0xae5eacaf9c6b9111fd53034a602c192a04e082ed,AAVE,230.61,15.27,3521.41,BUY,03-12-2024 19:38,583.12,Open Long,0.0,0x6154d1710e653b95e6380418532c3802018f00a30ec09c8abf98b4ae508c7d87,52274197780,True,1.232495,521000000000000.0,2024-03-12 19:38:00,2024-03-12,0.0
0xbaaaf6571ab7d571043ff1e313a9609a10637864,HYPE,17.502,1.3,22.75,SELL,05-03-2025 14:55,38656.74,Close Long,1.15323,0x16c116a0000d45985767041ef21cd201f700fd2fe41aa4a28ca1aa81bbe351eb,77326279701,True,0.005688,131000000000000.0,2025-05-03 14:55:00,2025-05-03,0.05069142857142857
0xae5eacaf9c6b9111fd53034a602c192a04e082ed,GMX,12.094,41.21,498.39,BUY,09-04-2025 12:49,83.87,Open Long,0.0,0x655414a695c04e843b7c042131febf02015800e8341e484ec5a5df7a7c0d2ece,85225929291,True,0.167459,774000000000000.0,2025-09-04 12:49:00,2025-09-04,0.0
